{"type":"componentgroup","initialData":{"components":["[!--$scsGenerateComponentId(1)--]","[!--$scsGenerateComponentId(2)--]","[!--$scsGenerateComponentId(3)--]","[!--$scsGenerateComponentId(4)--]"],"grid":"<div class=\"scs-row\"><div class=\"scs-col\" style=\"width: 25%;\"><div id=\"[!--$scsGenerateComponentId(1)--]\"></div></div><div class=\"scs-col\" style=\"width: 58.33%;\"><div id=\"[!--$scsGenerateComponentId(2)--]\"></div><div id=\"[!--$scsGenerateComponentId(3)--]\"></div></div><div class=\"scs-col\" style=\"width: 16.67%;\"><div id=\"[!--$scsGenerateComponentId(4)--]\"></div></div></div>","componentInstances":{"[!--$scsGenerateComponentId(1)--]":{"type":"scs-image","id":"scs-image","data":{"actions":"","alignment":"fill","altText":"","borderColor":"#808080","borderRadius":0,"borderStyle":"none","borderWidth":1,"caption":"","imageHref":"","imageName":"Image_placeholder_258x136.png","imageTarget":"_self","imageUrl":"[!--$SCS_CONTENT_URL--]/Image_placeholder_258x136-6178670000013336-1235110000003446.png","linkType":"scs-link-no-link","marginBottom":0,"marginLeft":0,"marginRight":0,"marginTop":0,"styleClass":"","title":"","useStyleClass":"true","visible":true,"width":256}},"[!--$scsGenerateComponentId(2)--]":{"type":"scs-title","id":"scs-title","data":{"actions":"","alignment":"fill","backgroundColor":"","borderColor":"#808080","borderRadius":0,"borderStyle":"none","borderWidth":1,"fontColor":"#333333","fontFamily":"'Helvetica Neue', Helvetica, Arial, sans-serif","fontSize":24,"marginBottom":5,"marginLeft":20,"marginRight":5,"marginTop":10,"placeholderText":"","styleClass":"","styleClassName":"","styleClassTag":"","toolbarGroups":"","useStyleClass":"true","userText":"<div>Click to edit title</div>","visible":true,"width":400}},"[!--$scsGenerateComponentId(3)--]":{"type":"scs-paragraph","id":"scs-paragraph","data":{"actions":"","alignment":"fill","backgroundColor":"","borderColor":"#808080","borderRadius":0,"borderStyle":"none","borderWidth":1,"fontColor":"#333333","fontFamily":"'Helvetica Neue', Helvetica, Arial, sans-serif","fontSize":16,"marginBottom":0,"marginLeft":20,"marginRight":20,"marginTop":0,"placeholderText":"","styleClass":"","styleClassName":"","styleClassTag":"","toolbarGroups":"","useStyleClass":"true","userText":"<div>Click to edit description.&nbsp;Lorem ipsum dolor sit amet, consectetur adipiscing elit. Donec ultricies elit tortor, quis viverra nunc aliquet id. Nam vehicula libero.</div>","visible":true,"width":400}},"[!--$scsGenerateComponentId(4)--]":{"type":"scs-socialbar","id":"scs-socialbar","data":{"alignment":"center","backgroundColor":"","borderColor":"#808080","borderRadius":0,"borderStyle":"none","borderWidth":1,"iconSize":18,"iconSpacing":10,"images":[{"source":"","name":"COMP_ICON_FACEBOOK","class":"scs-facebook-icon","title":"","altText":"","description":"","link":"http://www.facebook.com","target":["_blank"]},{"source":"","name":"COMP_ICON_TWITTER","class":"scs-twitter-icon","title":"","altText":"","description":"","link":"http://www.twitter.com"},{"source":"","name":"COMP_ICON_LINKEDIN","class":"scs-linkedin-icon","title":"","altText":"","description":"","link":"http://www.linkedin.com","target":["_blank"]}],"layout":"horizontal","marginBottom":10,"marginLeft":5,"marginRight":5,"marginTop":17,"styleClass":"","useStyleClass":"true","visible":true}}},"fileList":["Image_placeholder_258x136-6178670000013336-1235110000003446.png"]}}