{"properties":{"title":"","pageLayout":"contact.html","pageDescription":"","keywords":"","hideFromSearchEngines":false,"header":"","footer":"","noIndex":false,"noFollow":false,"noArchive":false,"noSnippet":false,"isCobrowseEnabled":false},"slots":{"header-banner":{"components":["57870f2f-9b62-45af-8989-9368a4e4f0e4"],"grid":"<div class=\"scs-row\"><div class=\"scs-col\" style=\"width: 100%;\"><div id=\"57870f2f-9b62-45af-8989-9368a4e4f0e4\"></div></div></div>","styles":["background-attachment:scroll","background-color:","background-position:left top","background-repeat:no-repeat","background-size:auto"]},"heading":{"components":["a9abaa8c-968d-4947-90c1-373408da7765"],"grid":"<div class=\"scs-row\"><div class=\"scs-col\" style=\"width: 100%;\"><div id=\"a9abaa8c-968d-4947-90c1-373408da7765\"></div></div></div>"},"content":{"components":["7213663e-5187-43e0-bbe5-ce5842e75277","796392f1-685e-4327-b839-dffa2fb5fbc9","eaec2689-4d45-4450-a503-5c167d1f82c5"],"grid":"<div class=\"scs-row\"><div class=\"scs-col\" style=\"width: 100%;\"><div id=\"eaec2689-4d45-4450-a503-5c167d1f82c5\"></div><div id=\"7213663e-5187-43e0-bbe5-ce5842e75277\"></div><div id=\"796392f1-685e-4327-b839-dffa2fb5fbc9\"></div></div></div>"},"footer":{"components":["b2da2b2d-bd89-4ea6-a62e-131d01826d00"],"grid":"<div class=\"scs-row\"><div class=\"scs-col\" style=\"width: 100%;\"><div id=\"b2da2b2d-bd89-4ea6-a62e-131d01826d00\"></div></div></div>"},"logocontainer":{"components":["b43dc7df-2c99-44e4-9204-4bd5f04df8c6"],"grid":"<div class=\"scs-row\"><div class=\"scs-col\" style=\"width: 100%;\"><div id=\"b43dc7df-2c99-44e4-9204-4bd5f04df8c6\"></div></div></div>"},"currentUser":{"components":["ae0bc53e-e826-4c8a-94ff-e8a803b2c317"],"grid":"<div class=\"scs-row\"><div class=\"scs-col\" style=\"width: 100%;\"><div id=\"ae0bc53e-e826-4c8a-94ff-e8a803b2c317\"></div></div></div>"},"navMenu":{"components":["b23bdc4b-5833-4585-99e8-41973896204a"],"grid":"<div class=\"scs-row\"><div class=\"scs-col\" style=\"width: 100%;\"><div id=\"b23bdc4b-5833-4585-99e8-41973896204a\"></div></div></div>"}},"componentInstances":{"57870f2f-9b62-45af-8989-9368a4e4f0e4":{"type":"scs-image","id":"scs-image","data":{"actions":"","alignment":"fill","altText":"","borderColor":"#808080","borderRadius":0,"borderStyle":"none","borderWidth":1,"caption":"","imageHref":"","imageName":"Small_Header_3_Contact.jpg","imageTarget":"_self","imageUrl":"[!--$SCS_CONTENT_URL--]/Small_Header_3_Contact-1235110000027804.jpg","linkType":"scs-link-no-link","marginBottom":0,"marginLeft":0,"marginRight":0,"marginTop":0,"styleClass":"","title":"","useStyleClass":"true","visible":true,"width":300}},"7213663e-5187-43e0-bbe5-ce5842e75277":{"type":"scs-map","id":"scs-map","data":{"alignment":"fill","apiKey":"","borderColor":"#808080","borderRadius":0,"borderStyle":"solid","borderWidth":3,"defaultMapLocation":"San Francisco, CA","height":340,"mapControls":[],"mapLat":37.77712,"mapLocation":"San Francisco, CA","mapLong":-122.41964,"mapType":"roadmap","marginBottom":5,"marginLeft":5,"marginRight":5,"marginTop":5,"provider":"oracle","styleClass":"","useStyleClass":"false","visible":true,"width":670,"zoom":12}},"796392f1-685e-4327-b839-dffa2fb5fbc9":{"type":"scs-paragraph","id":"scs-paragraph","data":{"alignment":"fill","backgroundColor":"","borderColor":"#808080","borderRadius":0,"borderStyle":"none","borderWidth":1,"fontColor":"#333333","fontFamily":"'Helvetica Neue', Helvetica, Arial, sans-serif","fontSize":16,"innerHTML":"<div><!-- ko if: visible --><div class=\"scs-paragraph  scs-component scs-paragraph-default-style\" style=\"margin-top:40px;margin-right:5px;margin-bottom:5px;margin-left:5px;\"><div class=\"scs-component-content\" data-bind=\"scsCompSetupLightbox\" style=\"text-align:left;width:100%;\"><div class=\"scs-paragraph-text\" style=\"\"><div>Click to add description here. Lorem ipsum dolor sit amet, consectetur adipiscing elit. Nunc posuere rhoncus nulla, a gravida orci dictum eget. Cras pretium finibus arcu, at molestie lorem blandit eu. Nulla eu tortor et felis mollis aliquet a non nisi. Mauris erat massa, tincidunt eu elementum id, molestie vitae mi. Sed sed aliquam leo. Nam finibus orci quis libero volutpat tincidunt. Pellentesque ullamcorper magna.</div></div></div></div><!-- /ko --></div>","marginBottom":5,"marginLeft":5,"marginRight":5,"marginTop":40,"placeholderText":"","styleClass":"","styleClassName":"","styleClassTag":"","toolbarGroups":"","useStyleClass":"true","userText":"<div>Click to add description here. Lorem ipsum dolor sit amet, consectetur adipiscing elit. Nunc posuere rhoncus nulla, a gravida orci dictum eget. Cras pretium finibus arcu, at molestie lorem blandit eu. Nulla eu tortor et felis mollis aliquet a non nisi. Mauris erat massa, tincidunt eu elementum id, molestie vitae mi. Sed sed aliquam leo. Nam finibus orci quis libero volutpat tincidunt. Pellentesque ullamcorper magna.</div>","visible":true,"width":400}},"eaec2689-4d45-4450-a503-5c167d1f82c5":{"type":"scs-paragraph","id":"scs-paragraph","data":{"alignment":"fill","backgroundColor":"","borderColor":"#808080","borderRadius":0,"borderStyle":"none","borderWidth":1,"fontColor":"#333333","fontFamily":"'Helvetica Neue', Helvetica, Arial, sans-serif","fontSize":16,"innerHTML":"<div><!-- ko if: visible --><div class=\"scs-paragraph  scs-component scs-paragraph-default-style\" style=\"margin-top:5px;margin-right:5px;margin-bottom:50px;margin-left:5px;\"><div class=\"scs-component-content\" data-bind=\"scsCompSetupLightbox\" style=\"text-align:left;width:100%;\"><div class=\"scs-paragraph-text\" style=\"\"><div style=\"text-align:center\"><div>Click to add paragraph here. Lorem ipsum dolor sit amet, consectetur adipiscing elit. Nulla commodo suscipit diam, ac dictum erat imperdiet in. Pellentesque molestie semper sem, id fermentum tortor lacinia a. Duis sed elit urna.</div><div>&nbsp;</div><div><a linktype=\"scs-link-email\" href=\"mailto:info@&lt;name&gt;.com?Subject=Web Site Inquiry\">info@&lt;CompanyName&gt;.com</a></div></div></div></div></div><!-- /ko --></div>","marginBottom":50,"marginLeft":5,"marginRight":5,"marginTop":5,"placeholderText":"","styleClass":"","styleClassName":"","styleClassTag":"","toolbarGroups":"","useStyleClass":"true","userText":"<div style=\"text-align:center\"><div>Click to add paragraph here. Lorem ipsum dolor sit amet, consectetur adipiscing elit. Nulla commodo suscipit diam, ac dictum erat imperdiet in. Pellentesque molestie semper sem, id fermentum tortor lacinia a. Duis sed elit urna.</div><div>&nbsp;</div><div><a linktype=\"scs-link-email\" href=\"mailto:info@&lt;name&gt;.com?Subject=Web Site Inquiry\">info@&lt;CompanyName&gt;.com</a></div></div>","visible":true,"width":400}},"b43dc7df-2c99-44e4-9204-4bd5f04df8c6":{"type":"scs-image","id":"scs-image","data":{"actions":"","alignment":"fill","altText":"","borderColor":"#808080","borderRadius":0,"borderStyle":"none","borderWidth":1,"caption":"","imageHref":"[!--$SCS_PAGE--]12[/!--$SCS_PAGE--]","imageName":"present_logo.png","imageTarget":"_self","imageUrl":"[!--$SCS_CONTENT_URL--]/present_logo-1235110000007576.png","linkType":"scs-link-sitepage","marginBottom":0,"marginLeft":0,"marginRight":0,"marginTop":0,"styleClass":"","title":"","useStyleClass":"true","visible":true,"width":300}},"709c386a-c27a-443f-9399-dcc0abdc035e":{"type":"scs-title","id":"scs-title","data":{"alignment":"fill","backgroundColor":"","borderColor":"#808080","borderRadius":0,"borderStyle":"none","borderWidth":1,"fontColor":"#333333","fontFamily":"'Helvetica Neue', Helvetica, Arial, sans-serif","fontSize":24,"innerHTML":"<div><!-- ko if: visible --><div class=\"scs-title  scs-component scs-title-default-style\" style=\"margin-top:25px;margin-right:15px;margin-bottom:10px;margin-left:15px;\"><div class=\"scs-component-content\" data-bind=\"scsCompSetupLightbox\" style=\"text-align:left;width:100%;\"><div class=\"scs-title-text\" style=\"\"><div>Contact headline here</div></div></div></div><!-- /ko --></div>","marginBottom":10,"marginLeft":15,"marginRight":15,"marginTop":25,"placeholderText":"","styleClass":"","styleClassName":"","styleClassTag":"","toolbarGroups":"","useStyleClass":"true","userText":"<div>Contact headline here</div>","visible":true,"width":400}},"16dfa735-fc64-478c-87b6-65a6c529582a":{"type":"scs-paragraph","id":"scs-paragraph","data":{"alignment":"fill","backgroundColor":"","borderColor":"#808080","borderRadius":0,"borderStyle":"none","borderWidth":1,"fontColor":"#333333","fontFamily":"'Helvetica Neue', Helvetica, Arial, sans-serif","fontSize":16,"innerHTML":"<div><!-- ko if: visible --><div class=\"scs-paragraph  scs-component scs-paragraph-default-style\" style=\"margin-top:10px;margin-right:15px;margin-bottom:25px;margin-left:15px;\"><div class=\"scs-component-content\" data-bind=\"scsCompSetupLightbox\" style=\"text-align:left;width:100%;\"><div class=\"scs-paragraph-text\" style=\"\"><div><div><div>Your Company Here</div><div><a linktype=\"scs-link-webpage\" href=\"tel:+1 (357) 123-5678\">+1 (357) 123 5678</a></div><div>14321 Beach Street</div><div>San Francisco, CA 30421</div></div></div></div></div></div><!-- /ko --></div>","marginBottom":25,"marginLeft":15,"marginRight":15,"marginTop":10,"placeholderText":"","styleClass":"","styleClassName":"","styleClassTag":"","toolbarGroups":"","useStyleClass":"true","userText":"<div><div><div>Your Company Here</div><div><a linktype=\"scs-link-webpage\" href=\"tel:+1 (357) 123-5678\">+1 (357) 123 5678</a></div><div>14321 Beach Street</div><div>San Francisco, CA 30421</div></div></div>","visible":true,"width":400}},"a9abaa8c-968d-4947-90c1-373408da7765":{"type":"scs-componentgroup","id":"Headline-Vertical_8","data":{"className":"","components":["709c386a-c27a-443f-9399-dcc0abdc035e","16dfa735-fc64-478c-87b6-65a6c529582a"],"grid":"<div class=\"scs-row\"><div class=\"scs-col\" style=\"width: 100%;\"><div id=\"709c386a-c27a-443f-9399-dcc0abdc035e\"></div><div id=\"16dfa735-fc64-478c-87b6-65a6c529582a\"></div></div></div>"}},"abd87e09-6f4a-4c80-a895-953a512ddef7":{"type":"scs-socialbar","id":"scs-socialbar","data":{"alignment":"left","backgroundColor":"","borderColor":"#808080","borderRadius":0,"borderStyle":"none","borderWidth":1,"iconSize":28,"iconSpacing":10,"images":[{"source":"","name":"COMP_ICON_FACEBOOK","class":"scs-facebook-icon","title":"","altText":"","description":"","link":"http://www.facebook.com","target":["_blank"]},{"source":"","name":"COMP_ICON_LINKEDIN","class":"scs-linkedin-icon","title":"","altText":"","description":"","link":"http://www.linkedin.com","target":["_blank"]},{"source":"","name":"COMP_ICON_TWITTER","class":"scs-twitter-icon","title":"","altText":"","description":"","link":"http://www.twitter.com","target":["_blank"]},{"source":"","name":"COMP_ICON_GOOGLEPLUS","class":"scs-googleplus-icon","title":"","altText":"","description":"","link":"http://plus.google.com","target":["_blank"]},{"source":"","name":"COMP_ICON_YOUTUBE","class":"scs-youtube-icon","title":"","altText":"","description":"","link":"http://www.youtube.com","target":["_blank"]}],"layout":"horizontal","marginBottom":5,"marginLeft":5,"marginRight":5,"marginTop":5,"styleClass":"","useStyleClass":"true","visible":true}},"85f03611-369a-44df-af8b-aa3ea3da81e2":{"type":"scs-title","id":"scs-title","data":{"alignment":"fill","backgroundColor":"","borderColor":"#808080","borderRadius":0,"borderStyle":"none","borderWidth":1,"fontColor":"#333333","fontFamily":"'Helvetica Neue', Helvetica, Arial, sans-serif","fontSize":24,"innerHTML":"<div><!-- ko if: visible --><div class=\"scs-title  scs-component scs-title-default-style\" style=\"margin-top:5px;margin-right:5px;margin-bottom:5px;margin-left:5px;\"><div class=\"scs-component-content\" data-bind=\"scsCompSetupLightbox\" style=\"text-align:left;width:100%;\"><div class=\"scs-title-text\" style=\"\"><div>COPYRIGHT &copy; 2017 &lt;COMPANY NAME&gt;</div></div></div></div><!-- /ko --></div>","marginBottom":5,"marginLeft":5,"marginRight":5,"marginTop":5,"placeholderText":"","styleClass":"","styleClassName":"","styleClassTag":"","toolbarGroups":"","useStyleClass":"true","userText":"<div>COPYRIGHT &copy; 2017 &lt;COMPANY NAME&gt;</div>","visible":true,"width":400}},"b2da2b2d-bd89-4ea6-a62e-131d01826d00":{"type":"scs-componentgroup","id":"FooterBar_12","data":{"className":"","components":["abd87e09-6f4a-4c80-a895-953a512ddef7","85f03611-369a-44df-af8b-aa3ea3da81e2"],"grid":"<div class=\"scs-row\"><div class=\"scs-col\" style=\"width: 50%;\"><div id=\"abd87e09-6f4a-4c80-a895-953a512ddef7\"></div></div><div class=\"scs-col\" style=\"width: 50%;\"><div id=\"85f03611-369a-44df-af8b-aa3ea3da81e2\"></div></div></div>"}},"b23bdc4b-5833-4585-99e8-41973896204a":{"type":"scs-component","id":"NavMenu_2","data":{"actions":"","alignment":"fill","assets":"","borderColor":"#808080","borderRadius":0,"borderStyle":"none","borderWidth":1,"componentId":"navMenu","componentName":"Navigation Menu Component","componentFactory":"","componentLayout":"default","contentId":"","contentLayoutCategory":"","contentPlaceholder":false,"contentTypes":[],"contentViewing":"","customSettingsData":{"externalSiteEnabled":false},"componentConfig":{"id":"NavMenu-component","settingsData":{"settingsWidth":350,"settingsRenderOption":"dialog","componentLayouts":[],"actions":[]},"initialData":{"componentId":"navMenu","componentName":"Navigation Menu Component","componentLayout":"default","marginBottom":0,"marginLeft":0,"marginRight":0,"marginTop":0,"customSettingsData":{"externalSiteEnabled":false},"nestedComponents":[]}},"description":"","detailPageId":"","height":"","initialized":true,"isCaaSLayout":false,"linkType":"scs-link-action","marginBottom":0,"marginLeft":0,"marginRight":0,"marginTop":0,"nestedComponents":[],"styleClass":"","styleClassName":"","seeded":false,"useStyleClass":"true","visible":true,"visibleNestedComponents":[],"width":0}},"ae0bc53e-e826-4c8a-94ff-e8a803b2c317":{"type":"scs-component","id":"CurrentUser_3","data":{"actions":"","alignment":"right","assets":"","borderColor":"#808080","borderRadius":0,"borderStyle":"none","borderWidth":1,"componentId":"currentUser","componentName":"Current User Component","componentFactory":"","componentLayout":"default","contentId":"","contentLayoutCategory":"","contentPlaceholder":false,"contentTypes":[],"contentViewing":"","customSettingsData":{"displayAvatar":"false","welcomeMessage":""},"componentConfig":{"id":"CurrentUser","settingsData":{"settingsHeight":150,"settingsWidth":300,"settingsRenderOption":"dialog"},"initialData":{"componentId":"currentUser","componentName":"Current User Component","componentLayout":"default","customSettingsData":{},"nestedComponents":[]}},"description":"","detailPageId":"","height":"","initialized":true,"isCaaSLayout":false,"linkType":"scs-link-action","marginBottom":5,"marginLeft":5,"marginRight":5,"marginTop":5,"nestedComponents":[],"styleClass":"","styleClassName":"","seeded":false,"useStyleClass":"true","visible":true,"visibleNestedComponents":[],"width":0}}}}