{"type":"componentgroup","initialData":{"className":"","components":["[!--$scsGenerateComponentId(1)--]","[!--$scsGenerateComponentId(2)--]"],"grid":"<div class=\"scs-row\"><div class=\"scs-col\" style=\"width: 100%;\"><div id=\"[!--$scsGenerateComponentId(2)--]\"></div></div></div><div class=\"scs-row\"><div class=\"scs-col\" style=\"width: 100%;\"><div id=\"[!--$scsGenerateComponentId(1)--]\"></div></div></div>","componentInstances":{"[!--$scsGenerateComponentId(1)--]":{"type":"scs-paragraph","id":"scs-paragraph","data":{"actions":"","alignment":"fill","backgroundColor":"","borderColor":"#808080","borderRadius":0,"borderStyle":"none","borderWidth":1,"fontColor":"#333333","fontFamily":"'Helvetica Neue', Helvetica, Arial, sans-serif","fontSize":16,"marginBottom":25,"marginLeft":35,"marginRight":35,"marginTop":10,"placeholderText":"","styleClass":"","styleClassName":"","styleClassTag":"","toolbarGroups":"","useStyleClass":"true","userText":"<div>Click to add description here.&nbsp;<span style=\"background-color:transparent\">Lorem ipsum dolor sit amet, consectetur adipiscing elit. Vestibulum velit lorem, congue nec eros eu, vestibulum laoreet justo.</span><div>&nbsp;</div><div>Sed id quam felis. Nam aliquam dignissim metus nec tincidunt. Nunc porttitor enim sem, et lobortis ligula molestie in. Donec sollicitudin orci sed orci auctor iaculis. Nulla facilisi. Cras eu diam pharetra turpis pellentesque mattis nec nec ipsum. Ut ut vehicula tortor.</div><div>&nbsp;</div><div>Aliquam rutrum nibh nec lacus maximus, ac porta ipsum molestie. Pellentesque commodo vehicula dolor, id dapibus orci varius at.</div></div>","visible":true,"width":400}},"[!--$scsGenerateComponentId(2)--]":{"type":"scs-button","id":"scs-button","data":{"actions":[],"alignment":"fill","backgroundColor":"#DDDDDD","backgroundColorHover":"#EEEEEE","borderColor":"#808080","borderColorHover":"#2222DD","borderRadius":0,"borderStyle":"solid","borderWidth":1,"fontColor":"#000000","fontColorHover":"#2222DD","fontFamily":"'Helvetica Neue', Helvetica, Arial, sans-serif","fontSize":14,"height":0,"href":"","linkType":"scs-link-sitepage","marginBottom":10,"marginLeft":15,"marginRight":15,"marginTop":25,"styleClass":"","target":"_self","text":"Click to add title here","title":"","useStyleClass":"true","visible":true,"width":0}}}}}