{"siteAuthor":"Oracle","itemGUID":"SD1809FC8D42BE45887AA886ECCA8B41B03CE5889340","numUpdates":"0","siteLongDescription":"This template illustrates a hierarchical representation of materials with a correspondingly capable navigation bar. The template includes multiple sample page organizations that all adhere to a consistent visual theme. Use this template as starting point to present resources of any kind. Copy the existing pages and replace the demo content to quickly create a portal through which to share content internally or externally.","siteName":"zuellig"}