{"properties":{"title":"","pageLayout":"default.html","pageDescription":"","keywords":"","hideFromSearchEngines":false,"header":"","footer":"","noIndex":true,"noFollow":true,"noArchive":true,"noSnippet":true,"isCobrowseEnabled":false},"slots":{"content":{"components":[],"grid":""},"footer":{"components":["d3d06e79-8af4-4746-8a0f-84a0a4ae2fd0"],"grid":"<div class=\"scs-row\"><div class=\"scs-col\" style=\"width: 100%;\"><div id=\"d3d06e79-8af4-4746-8a0f-84a0a4ae2fd0\"></div></div></div>"},"headline":{"components":["dc0a935e-532c-4466-85ad-f42b94e893ef"],"grid":"<div class=\"scs-row\"><div class=\"scs-col\" style=\"width: 100%;\"><div id=\"dc0a935e-532c-4466-85ad-f42b94e893ef\"></div></div></div>"},"logocontainer":{"components":["a3faf1db-c39a-46a6-8072-da1b922bf5a9"],"grid":"<div class=\"scs-row\"><div class=\"scs-col\" style=\"width: 100%;\"><div id=\"a3faf1db-c39a-46a6-8072-da1b922bf5a9\"></div></div></div>","styles":["background-attachment:scroll","background-color:","background-position:left top","background-repeat:no-repeat","background-size:auto"]},"overlay":{"components":[],"grid":""},"currentUser":{"components":[],"grid":""},"background":{"components":[],"grid":"","styles":["background-attachment:scroll","background-color:","background-position:left top","background-repeat:no-repeat","background-size:cover"]},"content2":{"components":["c6abd26d-28b4-4be1-930c-18370cf566d0"],"grid":"<div class=\"scs-row\"><div class=\"scs-col\" style=\"width: 100%;\"><div id=\"c6abd26d-28b4-4be1-930c-18370cf566d0\"></div></div></div>"},"Content":{"components":[],"grid":""},"test":{"components":[],"grid":""},"default-container":{"components":[],"grid":"<div class=\"headline scs-slot\" id=\"headline\" tabindex=\"0\" aria-label=\"headline\">\n\t\t\t<div class=\"scs-row\"><div class=\"scs-col\" style=\"width: 100%;\"><div id=\"de4bca47-d76a-4351-8da3-6f6db18de0f5\"></div></div></div></div>\n\n\t\t\t<div class=\"content scs-slot scs-slot-hover\" id=\"content\" tabindex=\"0\" aria-label=\"content\">\n\t\t\t<div class=\"scs-row\"><div class=\"scs-col\" style=\"width: 100%;\"><div id=\"bd65029f-22e8-443b-a470-a80857627cac\"></div></div></div></div>\n\t\t<div class=\"headline\">\n\t\t\t</div>\n\n\t\t\t<div class=\"content\">\n\t\t\t</div>"},"blog-content":{"components":[],"grid":""},"contentcontainer2":{"components":["f23ef3aa-d602-4327-87f9-f399e11a1b4d"],"grid":"<div class=\"scs-row\"><div class=\"scs-col\" style=\"width: 100%;\"><div id=\"f23ef3aa-d602-4327-87f9-f399e11a1b4d\"></div></div></div>"},"contentcontainer1":{"components":["ed8b9364-cfcc-4704-9bcb-47a959eaaafd"],"grid":"<div class=\"scs-row\"><div class=\"scs-col\" style=\"width: 100%;\"><div id=\"ed8b9364-cfcc-4704-9bcb-47a959eaaafd\"></div></div></div>"},"searchcontainer":{"components":["afaf4941-84c2-453b-ba80-f0734233094d"],"grid":"<div class=\"scs-row\"><div class=\"scs-col\" style=\"width: 100%;\"><div id=\"afaf4941-84c2-453b-ba80-f0734233094d\"></div></div></div>"}},"componentInstances":{"9096b489-4768-4a11-97d8-b732aea59705":{"type":"scs-socialbar","id":"scs-socialbar","data":{"alignment":"left","backgroundColor":"","borderColor":"#808080","borderRadius":0,"borderStyle":"none","borderWidth":1,"iconSize":28,"iconSpacing":10,"images":[{"source":"","name":"COMP_ICON_FACEBOOK","class":"scs-facebook-icon","title":"","altText":"","description":"","link":"http://www.facebook.com","target":["_blank"]},{"source":"","name":"COMP_ICON_LINKEDIN","class":"scs-linkedin-icon","title":"","altText":"","description":"","link":"http://www.linkedin.com","target":["_blank"]},{"source":"","name":"COMP_ICON_TWITTER","class":"scs-twitter-icon","title":"","altText":"","description":"","link":"http://www.twitter.com","target":["_blank"]},{"source":"","name":"COMP_ICON_GOOGLEPLUS","class":"scs-googleplus-icon","title":"","altText":"","description":"","link":"http://plus.google.com","target":["_blank"]},{"source":"","name":"COMP_ICON_YOUTUBE","class":"scs-youtube-icon","title":"","altText":"","description":"","link":"http://www.youtube.com","target":["_blank"]}],"layout":"horizontal","marginBottom":5,"marginLeft":5,"marginRight":5,"marginTop":5,"styleClass":"","useStyleClass":"true","visible":true,"contentIds":[],"contentViewings":[]}},"c6abd26d-28b4-4be1-930c-18370cf566d0":{"type":"scs-paragraph","id":"scs-paragraph","data":{"actions":"","alignment":"fill","backgroundColor":"","borderColor":"#808080","borderRadius":0,"borderStyle":"none","borderWidth":1,"fontColor":"#333333","fontFamily":"'Helvetica Neue', Helvetica, Arial, sans-serif","fontSize":16,"marginBottom":5,"marginLeft":5,"marginRight":5,"marginTop":5,"placeholderText":"","styleClass":"","useStyleClass":"true","userText":"<div>Content</div>","visible":true,"width":400}},"d3d06e79-8af4-4746-8a0f-84a0a4ae2fd0":{"type":"scs-componentgroup","id":"FooterBar_11","data":{"className":"","components":["9096b489-4768-4a11-97d8-b732aea59705","bc621bee-7b36-4edc-a8f1-106948d2771a"],"grid":"<div class=\"scs-row\"><div class=\"scs-col\" style=\"width: 70.04%;\"><div id=\"9096b489-4768-4a11-97d8-b732aea59705\"></div></div><div class=\"scs-col\" style=\"width: 29.96%;\"><div id=\"aed03106-2283-43bb-80bb-16e270ef61ba\"></div><div id=\"bc621bee-7b36-4edc-a8f1-106948d2771a\"></div></div></div>"}},"a3faf1db-c39a-46a6-8072-da1b922bf5a9":{"type":"scs-image","id":"scs-image","data":{"alignment":"left","altText":"","borderColor":"#808080","borderRadius":0,"borderStyle":"none","borderWidth":1,"caption":"","contentId":"","contentViewing":"","imageHref":"[!--$SCS_PAGE--]12[/!--$SCS_PAGE--]","imageHrefContentViewing":"","imageHrefName":"","imageName":"Cafe-Supremo-Logo.png","imageTarget":"_self","imageUrl":"[!--$SCS_CONTENT_URL--]/Cafe-Supremo-Logo-7708770000002962.png","linkType":"scs-link-sitepage","marginBottom":0,"marginLeft":0,"marginRight":0,"marginTop":0,"styleClass":"","title":"","useStyleClass":"true","visible":true,"width":300}},"bc621bee-7b36-4edc-a8f1-106948d2771a":{"type":"scs-image","id":"scs-image","data":{"alignment":"right","altText":"","borderColor":"#808080","borderRadius":0,"borderStyle":"none","borderWidth":1,"caption":"","contentId":"","contentViewing":"","imageHref":"[!--$SCS_PAGE--]12[/!--$SCS_PAGE--]","imageHrefContentViewing":"","imageHrefName":"","imageName":"Cafe-Supremo-Logo.png","imageTarget":"_self","imageUrl":"[!--$SCS_CONTENT_URL--]/Cafe-Supremo-Logo-7708770000002963.png","linkType":"scs-link-sitepage","marginBottom":0,"marginLeft":0,"marginRight":0,"marginTop":0,"styleClass":"","title":"","useStyleClass":"true","visible":true,"width":300}},"dc0a935e-532c-4466-85ad-f42b94e893ef":{"type":"scs-component","id":"scs-component","data":{"actions":"","alignment":"fill","assets":"","borderColor":"#808080","borderRadius":0,"borderStyle":"none","borderWidth":1,"componentId":"","componentName":"","componentFactory":"","componentLayout":"","contentId":"","contentLayoutCategory":"Details","contentPlaceholder":true,"contentTypes":["Promo"],"contentViewing":"","customSettingsData":"","componentConfig":"","description":"","detailPageId":"","height":"","initialized":true,"isCaaSLayout":true,"linkType":"scs-link-action","marginBottom":0,"marginLeft":0,"marginRight":0,"marginTop":0,"nestedComponents":[],"styleClass":"","styleClassName":"","seeded":true,"useStyleClass":"true","visible":true,"visibleNestedComponents":[],"width":0}},"f23ef3aa-d602-4327-87f9-f399e11a1b4d":{"type":"scs-contentlist","id":"scs-contentlist","data":{"alignment":"fill","borderColor":"black","borderRadius":0,"borderStyle":"none","borderWidth":1,"contentTypes":["Blog"],"customSettingsData":"","dateFilter":"all","dateFilterBegin":"","dateFilterEnd":"","dateFilterNumber":1,"dateFilterNumber2":1,"dateFilterUnits":"days","detailPageId":"43","layoutCategory":"Overlay","marginBottom":0,"marginLeft":0,"marginRight":0,"marginTop":0,"maxResults":1,"queryString":"offset=8","sectionLayout":"","sectionLayoutInstanceId":"","sortOrder":"updateddate:desc","styleClass":"","useStyleClass":"true","visible":true,"width":""}},"ed8b9364-cfcc-4704-9bcb-47a959eaaafd":{"type":"scs-contentlist","id":"scs-contentlist","data":{"alignment":"fill","borderColor":"black","borderRadius":0,"borderStyle":"none","borderWidth":1,"contentTypes":["Blog"],"customSettingsData":"","dateFilter":"all","dateFilterBegin":"","dateFilterEnd":"","dateFilterNumber":1,"dateFilterNumber2":1,"dateFilterUnits":"days","detailPageId":"43","layoutCategory":"Overlay","marginBottom":0,"marginLeft":0,"marginRight":0,"marginTop":0,"maxResults":1,"queryString":"offset=7","sectionLayout":"","sectionLayoutInstanceId":"","sortOrder":"updateddate:desc","styleClass":"","useStyleClass":"true","visible":true,"width":""}},"afaf4941-84c2-453b-ba80-f0734233094d":{"type":"scs-component","id":"Search-Button_7","data":{"actions":"","alignment":"right","assets":"","borderColor":"#808080","borderRadius":0,"borderStyle":"none","borderWidth":1,"componentId":"searchButton","componentName":"Search Button","componentFactory":"","componentLayout":"default","contentId":"","contentLayoutCategory":"","contentPlaceholder":false,"contentTypes":[],"contentViewing":"","customSettingsData":{"url":"../../../search.html","method":"GET","urlParam":"term","placeholderText":"Search Blogs..."},"componentConfig":{"id":"searchButton","settingsData":{"settingsWidth":500,"settingsRenderOption":"dialog","triggers":[],"actions":[]},"initialData":{"componentId":"searchButton","componentName":"Search Button","alignment":"center","componentLayout":"default","customSettingsData":{"url":"blog/search.html","method":"GET","urlParam":"term","placeholderText":"Search Blogs"},"nestedComponents":[]}},"description":"","detailPageId":"","height":"","initialized":true,"isCaaSLayout":false,"linkType":"scs-link-action","marginBottom":5,"marginLeft":5,"marginRight":5,"marginTop":5,"nestedComponents":[],"styleClass":"","styleClassName":"","seeded":false,"useStyleClass":"true","visible":true,"visibleNestedComponents":[],"width":0}}}}