{"properties":{"title":"Cafe Supremo - Search","pageLayout":"default.html","pageDescription":"","keywords":"","hideFromSearchEngines":false,"header":"","footer":"","noIndex":false,"noFollow":false,"noArchive":false,"noSnippet":false,"isCobrowseEnabled":false},"slots":{"content":{"components":[],"grid":""},"footer":{"components":["d3d06e79-8af4-4746-8a0f-84a0a4ae2fd0"],"grid":"<div class=\"scs-row\"><div class=\"scs-col\" style=\"width: 100%;\"><div id=\"d3d06e79-8af4-4746-8a0f-84a0a4ae2fd0\"></div></div></div>"},"headline":{"components":["adbc1d1e-5d08-490c-9e40-231b95916070"],"grid":"<div class=\"scs-row\"><div class=\"scs-col\" style=\"width: 100%;\"><div id=\"adbc1d1e-5d08-490c-9e40-231b95916070\"></div></div></div>","styles":["background-attachment:scroll","background-color:#bc0807","background-position:left top","background-repeat:no-repeat","background-size:auto"]},"logocontainer":{"components":["a3faf1db-c39a-46a6-8072-da1b922bf5a9"],"grid":"<div class=\"scs-row\"><div class=\"scs-col\" style=\"width: 100%;\"><div id=\"a3faf1db-c39a-46a6-8072-da1b922bf5a9\"></div></div></div>","styles":["background-attachment:scroll","background-color:","background-position:left top","background-repeat:no-repeat","background-size:auto"]},"overlay":{"components":[],"grid":""},"currentUser":{"components":[],"grid":""},"background":{"components":[],"grid":"","styles":["background-attachment:scroll","background-color:","background-position:left top","background-repeat:no-repeat","background-size:cover"]},"content2":{"components":["c6abd26d-28b4-4be1-930c-18370cf566d0"],"grid":"<div class=\"scs-row\"><div class=\"scs-col\" style=\"width: 100%;\"><div id=\"c6abd26d-28b4-4be1-930c-18370cf566d0\"></div></div></div>"},"contentcontainer1":{"components":["fd75b011-ffda-49d3-8680-8f66c22e5320"],"grid":"<div class=\"scs-row\"><div class=\"scs-col\" style=\"width: 100%;\"><div id=\"fd75b011-ffda-49d3-8680-8f66c22e5320\"></div></div></div>"},"Content":{"components":["b04669d1-9ea0-42aa-b3df-30921ada03a4"],"grid":"<div class=\"scs-row\"><div class=\"scs-col\" style=\"width: 100%;\"><div id=\"b04669d1-9ea0-42aa-b3df-30921ada03a4\"></div></div></div>","styles":["background-attachment:scroll","background-color:","background-position:center top","background-repeat:no-repeat","background-size:auto"]},"contentcontainer2":{"components":["d57a6bb6-4d1b-49bc-9530-70ce60492eee"],"grid":"<div class=\"scs-row\"><div class=\"scs-col\" style=\"width: 100%;\"><div id=\"d57a6bb6-4d1b-49bc-9530-70ce60492eee\"></div></div></div>"}},"componentInstances":{"d57a6bb6-4d1b-49bc-9530-70ce60492eee":{"type":"scs-contentlist","id":"scs-contentlist","data":{"alignment":"fill","borderColor":"black","borderRadius":0,"borderStyle":"none","borderWidth":1,"contentTypes":["Blog"],"customSettingsData":"","dateFilter":"all","dateFilterBegin":"","dateFilterEnd":"","dateFilterNumber":1,"dateFilterNumber2":1,"dateFilterUnits":"days","detailPageId":"43","layoutCategory":"Overlay","marginBottom":0,"marginLeft":0,"marginRight":0,"marginTop":0,"maxResults":1,"queryString":"offset=8","sectionLayout":"","sectionLayoutInstanceId":"","sortOrder":"updateddate:desc","styleClass":"","useStyleClass":"true","visible":true,"width":""}},"fd75b011-ffda-49d3-8680-8f66c22e5320":{"type":"scs-contentlist","id":"scs-contentlist","data":{"alignment":"fill","borderColor":"black","borderRadius":0,"borderStyle":"none","borderWidth":1,"contentTypes":["Blog"],"customSettingsData":"","dateFilter":"all","dateFilterBegin":"","dateFilterEnd":"","dateFilterNumber":1,"dateFilterNumber2":1,"dateFilterUnits":"days","detailPageId":"43","layoutCategory":"Overlay","marginBottom":0,"marginLeft":0,"marginRight":0,"marginTop":0,"maxResults":1,"queryString":"offset=7","sectionLayout":"","sectionLayoutInstanceId":"","sortOrder":"updateddate:desc","styleClass":"","useStyleClass":"true","visible":true,"width":""}},"b04669d1-9ea0-42aa-b3df-30921ada03a4":{"type":"scs-component","id":"DynamicContentList_7","data":{"actions":"","alignment":"fill","assets":"","borderColor":"#808080","borderRadius":0,"borderStyle":"none","borderWidth":1,"componentId":"contentItemDynamicList","componentName":"Content Item Dynamic List","componentFactory":"","componentLayout":"default","contentId":"","contentLayoutCategory":"","contentPlaceholder":false,"contentTypes":[],"contentViewing":"","customSettingsData":{"contentQuery":"","sectionLayoutId":"scs-sl-three-columns","contentLayoutId":"Default","limit":"12","offset":0,"minHeight":"400","noResultsMessage":"Sorry, we didn't find a match.  Try a new search?","noResultsCssClass":"panel text-center h3","breakpoint":"767","stackColumns":true},"componentConfig":{"id":"dynamic-content-list","settingsData":{"settingsWidth":500,"settingsRenderOption":"dialog","componentLayouts":[],"triggers":[{"triggerName":"dynContentListReady","triggerDescription":"Component Ready","triggerPayload":[{"name":"id","displayName":"Component ID"}]}],"actions":[{"actionName":"dynContentListUpdate","actionDescription":"Update Content","actionPayload":[{"name":"query","description":"Content Item Query","type":{"ojComponent":{"component":"ojInputText"}}},{"name":"filter","description":"Content Type Filter","type":{"ojComponent":{"component":"ojInputText"}}}]}]},"initialData":{"componentId":"contentItemDynamicList","componentName":"Content Item Dynamic List","componentLayout":"default","customSettingsData":{"contentQuery":"field:type=Blog","sectionLayoutId":"scs-sl-three-columns","limit":6,"offset":0,"minHeight":900,"noResultsMessage":"No Blogs Found","noResultsCssClass":"panel"},"nestedComponents":[]}},"description":"","detailPageId":"","height":"","initialized":true,"isCaaSLayout":false,"linkType":"scs-link-action","marginBottom":0,"marginLeft":0,"marginRight":0,"marginTop":24,"nestedComponents":[],"styleClass":"","styleClassName":"","seeded":false,"useStyleClass":"true","visible":true,"visibleNestedComponents":[],"width":0}},"9096b489-4768-4a11-97d8-b732aea59705":{"type":"scs-socialbar","id":"scs-socialbar","data":{"alignment":"left","backgroundColor":"","borderColor":"#808080","borderRadius":0,"borderStyle":"none","borderWidth":1,"iconSize":28,"iconSpacing":10,"images":[{"source":"","name":"COMP_ICON_FACEBOOK","class":"scs-facebook-icon","title":"","altText":"","description":"","link":"http://www.facebook.com","target":["_blank"]},{"source":"","name":"COMP_ICON_LINKEDIN","class":"scs-linkedin-icon","title":"","altText":"","description":"","link":"http://www.linkedin.com","target":["_blank"]},{"source":"","name":"COMP_ICON_TWITTER","class":"scs-twitter-icon","title":"","altText":"","description":"","link":"http://www.twitter.com","target":["_blank"]},{"source":"","name":"COMP_ICON_GOOGLEPLUS","class":"scs-googleplus-icon","title":"","altText":"","description":"","link":"http://plus.google.com","target":["_blank"]},{"source":"","name":"COMP_ICON_YOUTUBE","class":"scs-youtube-icon","title":"","altText":"","description":"","link":"http://www.youtube.com","target":["_blank"]}],"layout":"horizontal","marginBottom":5,"marginLeft":5,"marginRight":5,"marginTop":5,"styleClass":"","useStyleClass":"true","visible":true,"contentIds":[],"contentViewings":[]}},"c6abd26d-28b4-4be1-930c-18370cf566d0":{"type":"scs-paragraph","id":"scs-paragraph","data":{"actions":"","alignment":"fill","backgroundColor":"","borderColor":"#808080","borderRadius":0,"borderStyle":"none","borderWidth":1,"fontColor":"#333333","fontFamily":"'Helvetica Neue', Helvetica, Arial, sans-serif","fontSize":16,"marginBottom":5,"marginLeft":5,"marginRight":5,"marginTop":5,"placeholderText":"","styleClass":"","useStyleClass":"true","userText":"<div>Content</div>","visible":true,"width":400}},"adbc1d1e-5d08-490c-9e40-231b95916070":{"type":"scs-component","id":"DynamicContentSearch_7","data":{"actions":"","alignment":"center","assets":"","borderColor":"#808080","borderRadius":0,"borderStyle":"none","borderWidth":1,"componentId":"dynamicContentSearch","componentName":"Dynamic Content Search","componentFactory":"","componentLayout":"default","contentId":"","contentLayoutCategory":"","contentPlaceholder":false,"contentTypes":[],"contentViewing":"","customSettingsData":{"baseQuery":"field:type:equals=Blog","typeFilter":"","autoTriggerList":true,"useUrlParam":true,"urlParam":"term","placeholderText":"Search Blogs"},"componentConfig":{"id":"dynamicContentSearch","settingsData":{"settingsWidth":500,"settingsRenderOption":"dialog","triggers":[{"triggerName":"dynamicContentSearch","triggerDescription":"Content Search","triggerPayload":[{"name":"query","displayName":"Content Item Query"},{"name":"filter","displayName":"Content Type Filter"}]}],"actions":[]},"initialData":{"componentId":"dynamicContentSearch","componentName":"Dynamic Content Search","alignment":"center","componentLayout":"default","customSettingsData":{"baseQuery":"","typeFilter":"","autoTriggerList":true},"nestedComponents":[]}},"description":"","detailPageId":"","height":"","initialized":true,"isCaaSLayout":false,"linkType":"scs-link-action","marginBottom":10,"marginLeft":5,"marginRight":5,"marginTop":10,"nestedComponents":[],"styleClass":"","styleClassName":"","seeded":false,"useStyleClass":"true","visible":true,"visibleNestedComponents":[],"width":662}},"d3d06e79-8af4-4746-8a0f-84a0a4ae2fd0":{"type":"scs-componentgroup","id":"FooterBar_11","data":{"className":"","components":["9096b489-4768-4a11-97d8-b732aea59705","bc621bee-7b36-4edc-a8f1-106948d2771a"],"grid":"<div class=\"scs-row\"><div class=\"scs-col\" style=\"width: 70.04%;\"><div id=\"9096b489-4768-4a11-97d8-b732aea59705\"></div></div><div class=\"scs-col\" style=\"width: 29.96%;\"><div id=\"aed03106-2283-43bb-80bb-16e270ef61ba\"></div><div id=\"bc621bee-7b36-4edc-a8f1-106948d2771a\"></div></div></div>"}},"a3faf1db-c39a-46a6-8072-da1b922bf5a9":{"type":"scs-image","id":"scs-image","data":{"alignment":"left","altText":"","borderColor":"#808080","borderRadius":0,"borderStyle":"none","borderWidth":1,"caption":"","contentId":"","contentViewing":"","imageHref":"[!--$SCS_PAGE--]12[/!--$SCS_PAGE--]","imageHrefContentViewing":"","imageHrefName":"","imageName":"Cafe-Supremo-Logo.png","imageTarget":"_self","imageUrl":"[!--$SCS_CONTENT_URL--]/Cafe-Supremo-Logo-7708770000002852-30650000009415.png","linkType":"scs-link-sitepage","marginBottom":0,"marginLeft":0,"marginRight":0,"marginTop":0,"styleClass":"","title":"","useStyleClass":"true","visible":true,"width":300}},"bc621bee-7b36-4edc-a8f1-106948d2771a":{"type":"scs-image","id":"scs-image","data":{"alignment":"right","altText":"","borderColor":"#808080","borderRadius":0,"borderStyle":"none","borderWidth":1,"caption":"","contentId":"","contentViewing":"","imageHref":"[!--$SCS_PAGE--]12[/!--$SCS_PAGE--]","imageHrefContentViewing":"","imageHrefName":"","imageName":"Cafe-Supremo-Logo.png","imageTarget":"_self","imageUrl":"[!--$SCS_CONTENT_URL--]/Cafe-Supremo-Logo-7708770000002853-30650000009414.png","linkType":"scs-link-sitepage","marginBottom":0,"marginLeft":0,"marginRight":0,"marginTop":0,"styleClass":"","title":"","useStyleClass":"true","visible":true,"width":300}}}}