{"properties":{"title":"","pageLayout":"index.html","pageDescription":"","keywords":"","hideFromSearchEngines":false,"header":"","footer":"","noIndex":false,"noFollow":false,"noArchive":false,"noSnippet":false,"isCobrowseEnabled":false},"slots":{"overlay":{"components":["d3c2354a-035a-4df1-a77f-253f9bf2eb5c","1db0ffb4-4fef-4967-aa58-c165b93eae87"],"grid":"<div class=\"scs-row\"><div class=\"scs-col\" style=\"width: 100%;\"><div id=\"d3c2354a-035a-4df1-a77f-253f9bf2eb5c\"></div><div id=\"1db0ffb4-4fef-4967-aa58-c165b93eae87\"></div></div></div>"},"background":{"components":["be7dc805-4b4f-45cc-8115-7ec245a74e75"],"grid":"<div class=\"scs-row\"><div class=\"scs-col\" style=\"width: 100%;\"><div id=\"be7dc805-4b4f-45cc-8115-7ec245a74e75\"></div></div></div>","styles":["background-attachment:scroll","background-color:","background-position:left top","background-repeat:no-repeat","background-size:cover"]},"content2":{"components":["c6abd26d-28b4-4be1-930c-18370cf566d0"],"grid":"<div class=\"scs-row\"><div class=\"scs-col\" style=\"width: 100%;\"><div id=\"c6abd26d-28b4-4be1-930c-18370cf566d0\"></div></div></div>"},"content":{"components":["c39640a4-4084-4515-868f-03fbc9cd512f","b381d952-b86d-4b54-9dad-d337e0fbf922","dad71b2f-87c3-489d-b46b-6fe8b7e772de"],"grid":"<div class=\"scs-row\"><div class=\"scs-col\" style=\"width: 33.33%;\"><div id=\"c39640a4-4084-4515-868f-03fbc9cd512f\"></div></div><div class=\"scs-col\" style=\"width: 33.34%;\"><div id=\"dad71b2f-87c3-489d-b46b-6fe8b7e772de\"></div></div><div class=\"scs-col\" style=\"width: 33.33%;\"><div id=\"b381d952-b86d-4b54-9dad-d337e0fbf922\"></div></div></div>"},"footer":{"components":["d3d06e79-8af4-4746-8a0f-84a0a4ae2fd0"],"grid":"<div class=\"scs-row\"><div class=\"scs-col\" style=\"width: 100%;\"><div id=\"d3d06e79-8af4-4746-8a0f-84a0a4ae2fd0\"></div></div></div>"},"logocontainer":{"components":["bd74c2a4-9ce5-4f89-a5ea-ba0be14dc3ea"],"grid":"<div class=\"scs-row\"><div class=\"scs-col\" style=\"width: 100%;\"><div id=\"bd74c2a4-9ce5-4f89-a5ea-ba0be14dc3ea\"></div></div></div>"},"currentUser":{"components":["ccb30ada-067b-4638-8d9a-7c7a271fd4b0"],"grid":"<div class=\"scs-row\"><div class=\"scs-col\" style=\"width: 100%;\"><div id=\"ccb30ada-067b-4638-8d9a-7c7a271fd4b0\"></div></div></div>"},"navMenu":{"components":["a8f778d6-596e-41bf-8788-1b03414f5905"],"grid":"<div class=\"scs-row\"><div class=\"scs-col\" style=\"width: 100%;\"><div id=\"a8f778d6-596e-41bf-8788-1b03414f5905\"></div></div></div>"}},"componentInstances":{"1db0ffb4-4fef-4967-aa58-c165b93eae87":{"type":"scs-paragraph","id":"scs-paragraph","data":{"alignment":"fill","backgroundColor":"","borderColor":"#808080","borderRadius":0,"borderStyle":"none","borderWidth":1,"fontColor":"#333333","fontFamily":"'Helvetica Neue', Helvetica, Arial, sans-serif","fontSize":16,"innerHTML":"<div><!-- ko if: visible --><div class=\"scs-paragraph  scs-component scs-paragraph-default-style\" style=\"margin-top:0px;margin-right:0px;margin-bottom:0px;margin-left:0px;\"><div class=\"scs-component-content\" data-bind=\"scsCompSetupLightbox\" style=\"text-align:left;width:100%;\"><div class=\"scs-paragraph-text\" style=\"\"><div>Click to add description here. Lorem ipsum dolor sit amet, consectetur adipiscing elit.</div></div></div></div><!-- /ko --></div>","marginBottom":0,"marginLeft":0,"marginRight":0,"marginTop":0,"placeholderText":"","styleClass":"","styleClassName":"","styleClassTag":"","toolbarGroups":"","useStyleClass":"true","userText":"<div>Click to add description here. Lorem ipsum dolor sit amet, consectetur adipiscing elit.</div>","visible":true,"width":400}},"d3c2354a-035a-4df1-a77f-253f9bf2eb5c":{"type":"scs-title","id":"scs-title","data":{"alignment":"fill","backgroundColor":"","borderColor":"#808080","borderRadius":0,"borderStyle":"none","borderWidth":1,"fontColor":"#333333","fontFamily":"'Helvetica Neue', Helvetica, Arial, sans-serif","fontSize":24,"innerHTML":"<div><!-- ko if: visible --><div class=\"scs-title  scs-component scs-title-default-style\" style=\"margin-top:0px;margin-right:0px;margin-bottom:0px;margin-left:0px;\"><div class=\"scs-component-content\" data-bind=\"scsCompSetupLightbox\" style=\"text-align:left;width:100%;\"><div class=\"scs-title-text\" style=\"\"><div>Click here to add headline</div></div></div></div><!-- /ko --></div>","marginBottom":0,"marginLeft":0,"marginRight":0,"marginTop":0,"placeholderText":"","styleClass":"","styleClassName":"","styleClassTag":"","toolbarGroups":"","useStyleClass":"true","userText":"<div>Click here to add headline</div>","visible":true,"width":400}},"c6abd26d-28b4-4be1-930c-18370cf566d0":{"type":"scs-paragraph","id":"scs-paragraph","data":{"actions":"","alignment":"fill","backgroundColor":"","borderColor":"#808080","borderRadius":0,"borderStyle":"none","borderWidth":1,"fontColor":"#333333","fontFamily":"'Helvetica Neue', Helvetica, Arial, sans-serif","fontSize":16,"marginBottom":5,"marginLeft":5,"marginRight":5,"marginTop":5,"placeholderText":"","styleClass":"","useStyleClass":"true","userText":"<div>Content</div>","visible":true,"width":400}},"be7dc805-4b4f-45cc-8115-7ec245a74e75":{"type":"scs-image","id":"scs-image","data":{"alignment":"fill","altText":"","borderColor":"#808080","borderRadius":0,"borderStyle":"none","borderWidth":1,"caption":"","imageHref":"","imageName":"Lg_Header_1_1440.jpg","imageTarget":"_self","imageUrl":"[!--$SCS_CONTENT_URL--]/Lg_Header_1_1440-6150650000005528.jpg","linkType":"scs-link-no-link","marginBottom":0,"marginLeft":0,"marginRight":0,"marginTop":0,"styleClass":"","title":"","useStyleClass":"true","visible":true,"width":300}},"bd74c2a4-9ce5-4f89-a5ea-ba0be14dc3ea":{"type":"scs-image","id":"scs-image","data":{"actions":"","alignment":"fill","altText":"","borderColor":"#808080","borderRadius":0,"borderStyle":"none","borderWidth":1,"caption":"","imageHref":"","imageName":"present_logo.png","imageTarget":"_self","imageUrl":"[!--$SCS_CONTENT_URL--]/present_logo-1235110000007559.png","linkType":"scs-link-no-link","marginBottom":0,"marginLeft":0,"marginRight":0,"marginTop":0,"styleClass":"","title":"","useStyleClass":"true","visible":true,"width":300}},"9096b489-4768-4a11-97d8-b732aea59705":{"type":"scs-socialbar","id":"scs-socialbar","data":{"alignment":"left","backgroundColor":"","borderColor":"#808080","borderRadius":0,"borderStyle":"none","borderWidth":1,"iconSize":28,"iconSpacing":10,"images":[{"source":"","name":"COMP_ICON_FACEBOOK","class":"scs-facebook-icon","title":"","altText":"","description":"","link":"http://www.facebook.com","target":["_blank"]},{"source":"","name":"COMP_ICON_LINKEDIN","class":"scs-linkedin-icon","title":"","altText":"","description":"","link":"http://www.linkedin.com","target":["_blank"]},{"source":"","name":"COMP_ICON_TWITTER","class":"scs-twitter-icon","title":"","altText":"","description":"","link":"http://www.twitter.com","target":["_blank"]},{"source":"","name":"COMP_ICON_GOOGLEPLUS","class":"scs-googleplus-icon","title":"","altText":"","description":"","link":"http://plus.google.com","target":["_blank"]},{"source":"","name":"COMP_ICON_YOUTUBE","class":"scs-youtube-icon","title":"","altText":"","description":"","link":"http://www.youtube.com","target":["_blank"]}],"layout":"horizontal","marginBottom":5,"marginLeft":5,"marginRight":5,"marginTop":5,"styleClass":"","useStyleClass":"true","visible":true}},"aed03106-2283-43bb-80bb-16e270ef61ba":{"type":"scs-title","id":"scs-title","data":{"alignment":"fill","backgroundColor":"","borderColor":"#808080","borderRadius":0,"borderStyle":"none","borderWidth":1,"fontColor":"#333333","fontFamily":"'Helvetica Neue', Helvetica, Arial, sans-serif","fontSize":24,"innerHTML":"<div><!-- ko if: visible --><div class=\"scs-title  scs-component scs-title-default-style\" style=\"margin-top:5px;margin-right:5px;margin-bottom:5px;margin-left:5px;\"><div class=\"scs-component-content\" data-bind=\"scsCompSetupLightbox\" style=\"text-align:left;width:100%;\"><div class=\"scs-title-text\" style=\"\"><div>COPYRIGHT &copy; 2017 &lt;COMPANY NAME&gt;</div></div></div></div><!-- /ko --></div>","marginBottom":5,"marginLeft":5,"marginRight":5,"marginTop":5,"placeholderText":"","styleClass":"","styleClassName":"","styleClassTag":"","toolbarGroups":"","useStyleClass":"true","userText":"<div>COPYRIGHT &copy; 2017 &lt;COMPANY NAME&gt;</div>","visible":true,"width":400}},"d3d06e79-8af4-4746-8a0f-84a0a4ae2fd0":{"type":"scs-componentgroup","id":"FooterBar_12","data":{"className":"","components":["9096b489-4768-4a11-97d8-b732aea59705","aed03106-2283-43bb-80bb-16e270ef61ba"],"grid":"<div class=\"scs-row\"><div class=\"scs-col\" style=\"width: 50%;\"><div id=\"9096b489-4768-4a11-97d8-b732aea59705\"></div></div><div class=\"scs-col\" style=\"width: 50%;\"><div id=\"aed03106-2283-43bb-80bb-16e270ef61ba\"></div></div></div>"}},"3485144e-0308-4fa9-b729-307d49c469d3":{"type":"scs-image","id":"scs-image","data":{"actions":"","alignment":"fill","altText":"","borderColor":"#808080","borderRadius":0,"borderStyle":"none","borderWidth":1,"caption":"","imageHref":"","imageName":"Thumbnail_1.jpg","imageTarget":"_self","imageUrl":"[!--$SCS_CONTENT_URL--]/Thumbnail_1-1235110000027807.jpg","linkType":"scs-link-no-link","marginBottom":10,"marginLeft":15,"marginRight":15,"marginTop":10,"styleClass":"","title":"","useStyleClass":"true","visible":true,"width":300}},"940831bf-5269-4d31-9f05-b40d569f6e5a":{"type":"scs-title","id":"scs-title","data":{"alignment":"fill","backgroundColor":"","borderColor":"#808080","borderRadius":0,"borderStyle":"none","borderWidth":1,"fontColor":"#333333","fontFamily":"'Helvetica Neue', Helvetica, Arial, sans-serif","fontSize":24,"innerHTML":"<div><!-- ko if: visible --><div class=\"scs-title  scs-component scs-title-default-style\" style=\"margin-top:10px;margin-right:15px;margin-bottom:5px;margin-left:15px;\"><div class=\"scs-component-content\" data-bind=\"scsCompSetupLightbox\" style=\"text-align:left;width:100%;\"><div class=\"scs-title-text\" style=\"\"><div>Services headline here</div></div></div></div><!-- /ko --></div>","marginBottom":5,"marginLeft":15,"marginRight":15,"marginTop":10,"placeholderText":"","styleClass":"","styleClassName":"","styleClassTag":"","toolbarGroups":"","useStyleClass":"true","userText":"<div>Services headline here</div>","visible":true,"width":400}},"8d2fa404-39ee-4be2-af0b-879d79cd241c":{"type":"scs-paragraph","id":"scs-paragraph","data":{"alignment":"fill","backgroundColor":"","borderColor":"#808080","borderRadius":0,"borderStyle":"none","borderWidth":1,"fontColor":"#333333","fontFamily":"'Helvetica Neue', Helvetica, Arial, sans-serif","fontSize":16,"innerHTML":"<div><!-- ko if: visible --><div class=\"scs-paragraph  scs-component scs-paragraph-default-style\" style=\"margin-top:8px;margin-right:15px;margin-bottom:15px;margin-left:15px;\"><div class=\"scs-component-content\" data-bind=\"scsCompSetupLightbox\" style=\"text-align:left;width:100%;\"><div class=\"scs-paragraph-text\" style=\"\"><div>Click to add description here.&nbsp;Lorem ipsum dolor sit amet, consectetur adipiscing elit. Cras ut erat vel velit dignissim laoreet et nec elit. Aliquam consequat fermentum tincidunt. Sed lobortis tortor a porta dignissim. Pellentesque consectetur ligula lectus, a pulvinar elit hendrerit non.</div></div></div></div><!-- /ko --></div>","marginBottom":15,"marginLeft":15,"marginRight":15,"marginTop":8,"placeholderText":"","styleClass":"","styleClassName":"","styleClassTag":"","toolbarGroups":"","useStyleClass":"true","userText":"<div>Click to add description here.&nbsp;Lorem ipsum dolor sit amet, consectetur adipiscing elit. Cras ut erat vel velit dignissim laoreet et nec elit. Aliquam consequat fermentum tincidunt. Sed lobortis tortor a porta dignissim. Pellentesque consectetur ligula lectus, a pulvinar elit hendrerit non.</div>","visible":true,"width":400}},"4affb22e-10bd-4be6-bf2c-017546a32074":{"type":"scs-button","id":"scs-button","data":{"actions":[],"alignment":"left","backgroundColor":"#DDDDDD","backgroundColorHover":"#EEEEEE","borderColor":"#808080","borderColorHover":"#2222DD","borderRadius":0,"borderStyle":"solid","borderWidth":1,"fontColor":"#000000","fontColorHover":"#2222DD","fontFamily":"'Helvetica Neue', Helvetica, Arial, sans-serif","fontSize":14,"height":0,"href":"[!--$SCS_PAGE--]83[/!--$SCS_PAGE--]","linkType":"scs-link-sitepage","marginBottom":30,"marginLeft":15,"marginRight":15,"marginTop":10,"styleClass":"","target":"_self","text":"Button","title":"","useStyleClass":"true","visible":true,"width":0}},"c39640a4-4084-4515-868f-03fbc9cd512f":{"type":"scs-componentgroup","id":"Summary-Vertical_8","data":{"components":["3485144e-0308-4fa9-b729-307d49c469d3","940831bf-5269-4d31-9f05-b40d569f6e5a","8d2fa404-39ee-4be2-af0b-879d79cd241c","4affb22e-10bd-4be6-bf2c-017546a32074"],"grid":"<div class=\"scs-row\"><div class=\"scs-col\" style=\"width: 100%;\"><div id=\"3485144e-0308-4fa9-b729-307d49c469d3\"></div><div id=\"940831bf-5269-4d31-9f05-b40d569f6e5a\"></div><div id=\"8d2fa404-39ee-4be2-af0b-879d79cd241c\"></div><div id=\"4affb22e-10bd-4be6-bf2c-017546a32074\"></div></div></div>"}},"80bb449a-1c16-411d-b505-727dad3ce10a":{"type":"scs-image","id":"scs-image","data":{"actions":"","alignment":"fill","altText":"","borderColor":"#808080","borderRadius":0,"borderStyle":"none","borderWidth":1,"caption":"","imageHref":"","imageName":"Thumbnail_3.jpg","imageTarget":"_self","imageUrl":"[!--$SCS_CONTENT_URL--]/Thumbnail_3-1235110000027809.jpg","linkType":"scs-link-no-link","marginBottom":10,"marginLeft":15,"marginRight":15,"marginTop":10,"styleClass":"","title":"","useStyleClass":"true","visible":true,"width":300}},"d101d88a-c301-4322-9edd-134d676a8178":{"type":"scs-title","id":"scs-title","data":{"alignment":"fill","backgroundColor":"","borderColor":"#808080","borderRadius":0,"borderStyle":"none","borderWidth":1,"fontColor":"#333333","fontFamily":"'Helvetica Neue', Helvetica, Arial, sans-serif","fontSize":24,"innerHTML":"<div><!-- ko if: visible --><div class=\"scs-title  scs-component scs-title-default-style\" style=\"margin-top:10px;margin-right:15px;margin-bottom:5px;margin-left:15px;\"><div class=\"scs-component-content\" data-bind=\"scsCompSetupLightbox\" style=\"text-align:left;width:100%;\"><div class=\"scs-title-text\" style=\"\"><div>Contact headline here</div></div></div></div><!-- /ko --></div>","marginBottom":5,"marginLeft":15,"marginRight":15,"marginTop":10,"placeholderText":"","styleClass":"","styleClassName":"","styleClassTag":"","toolbarGroups":"","useStyleClass":"true","userText":"<div>Contact headline here</div>","visible":true,"width":400}},"45190e24-2ab3-4eed-9b7b-f7403bc863b9":{"type":"scs-paragraph","id":"scs-paragraph","data":{"alignment":"fill","backgroundColor":"","borderColor":"#808080","borderRadius":0,"borderStyle":"none","borderWidth":1,"fontColor":"#333333","fontFamily":"'Helvetica Neue', Helvetica, Arial, sans-serif","fontSize":16,"innerHTML":"<div><!-- ko if: visible --><div class=\"scs-paragraph  scs-component scs-paragraph-default-style\" style=\"margin-top:8px;margin-right:15px;margin-bottom:13px;margin-left:15px;\"><div class=\"scs-component-content\" data-bind=\"scsCompSetupLightbox\" style=\"text-align:left;width:100%;\"><div class=\"scs-paragraph-text\" style=\"\"><div>Click to add contact info here. Lorem ipsum dolor sit amet, consectetur adipiscing elit.</div></div></div></div><!-- /ko --></div>","marginBottom":13,"marginLeft":15,"marginRight":15,"marginTop":8,"placeholderText":"","styleClass":"","styleClassName":"","styleClassTag":"","toolbarGroups":"","useStyleClass":"true","userText":"<div>Click to add contact info here. Lorem ipsum dolor sit amet, consectetur adipiscing elit.</div>","visible":true,"width":400}},"d7f896d1-0a41-4a14-ad0e-996cfebd47dd":{"type":"scs-button","id":"scs-button","data":{"actions":[],"alignment":"left","backgroundColor":"#DDDDDD","backgroundColorHover":"#EEEEEE","borderColor":"#808080","borderColorHover":"#2222DD","borderRadius":0,"borderStyle":"solid","borderWidth":1,"fontColor":"#000000","fontColorHover":"#2222DD","fontFamily":"'Helvetica Neue', Helvetica, Arial, sans-serif","fontSize":14,"height":0,"href":"[!--$SCS_PAGE--]76[/!--$SCS_PAGE--]","linkType":"scs-link-sitepage","marginBottom":30,"marginLeft":15,"marginRight":15,"marginTop":10,"styleClass":"","target":"_self","text":"Button","title":"","useStyleClass":"true","visible":true,"width":0}},"b381d952-b86d-4b54-9dad-d337e0fbf922":{"type":"scs-componentgroup","id":"Summary-Vertical_8","data":{"components":["80bb449a-1c16-411d-b505-727dad3ce10a","d101d88a-c301-4322-9edd-134d676a8178","45190e24-2ab3-4eed-9b7b-f7403bc863b9","d7f896d1-0a41-4a14-ad0e-996cfebd47dd","7e1af399-c370-4b2a-b547-6dbf00d8aabc"],"grid":"<div class=\"scs-row\"><div class=\"scs-col\" style=\"width: 100%;\"><div id=\"80bb449a-1c16-411d-b505-727dad3ce10a\"></div><div id=\"d101d88a-c301-4322-9edd-134d676a8178\"></div><div id=\"45190e24-2ab3-4eed-9b7b-f7403bc863b9\"></div><div id=\"7e1af399-c370-4b2a-b547-6dbf00d8aabc\"></div><div id=\"d7f896d1-0a41-4a14-ad0e-996cfebd47dd\"></div></div></div>"}},"938946d7-972b-4afb-b0c0-9fd7aed41495":{"type":"scs-image","id":"scs-image","data":{"actions":"","alignment":"fill","altText":"","borderColor":"#808080","borderRadius":0,"borderStyle":"none","borderWidth":1,"caption":"","imageHref":"","imageName":"Thumbnail_2.jpg","imageTarget":"_self","imageUrl":"[!--$SCS_CONTENT_URL--]/Thumbnail_2-1235110000027808.jpg","linkType":"scs-link-no-link","marginBottom":10,"marginLeft":15,"marginRight":15,"marginTop":10,"styleClass":"","title":"","useStyleClass":"true","visible":true,"width":300}},"27ac0d94-c9fa-4d65-9187-3700936c7cd0":{"type":"scs-title","id":"scs-title","data":{"alignment":"fill","backgroundColor":"","borderColor":"#808080","borderRadius":0,"borderStyle":"none","borderWidth":1,"fontColor":"#333333","fontFamily":"'Helvetica Neue', Helvetica, Arial, sans-serif","fontSize":24,"innerHTML":"<div><!-- ko if: visible --><div class=\"scs-title  scs-component scs-title-default-style\" style=\"margin-top:10px;margin-right:15px;margin-bottom:5px;margin-left:15px;\"><div class=\"scs-component-content\" data-bind=\"scsCompSetupLightbox\" style=\"text-align:left;width:100%;\"><div class=\"scs-title-text\" style=\"\"><div>About headline here</div></div></div></div><!-- /ko --></div>","marginBottom":5,"marginLeft":15,"marginRight":15,"marginTop":10,"placeholderText":"","styleClass":"","styleClassName":"","styleClassTag":"","toolbarGroups":"","useStyleClass":"true","userText":"<div>About headline here</div>","visible":true,"width":400}},"0ac8d29d-869a-483e-9797-7102321aa886":{"type":"scs-paragraph","id":"scs-paragraph","data":{"alignment":"fill","backgroundColor":"","borderColor":"#808080","borderRadius":0,"borderStyle":"none","borderWidth":1,"fontColor":"#333333","fontFamily":"'Helvetica Neue', Helvetica, Arial, sans-serif","fontSize":16,"innerHTML":"<div><!-- ko if: visible --><div class=\"scs-paragraph  scs-component scs-paragraph-default-style\" style=\"margin-top:8px;margin-right:15px;margin-bottom:15px;margin-left:15px;\"><div class=\"scs-component-content\" data-bind=\"scsCompSetupLightbox\" style=\"text-align:left;width:100%;\"><div class=\"scs-paragraph-text\" style=\"\"><div>Click to add description here.&nbsp;Lorem ipsum dolor sit amet, consectetur adipiscing elit. Cras ut erat vel velit dignissim laoreet et nec elit. Aliquam consequat fermentum tincidunt. Sed lobortis tortor a porta dignissim. Pellentesque consectetur ligula lectus, a pulvinar elit hendrerit non.</div></div></div></div><!-- /ko --></div>","marginBottom":15,"marginLeft":15,"marginRight":15,"marginTop":8,"placeholderText":"","styleClass":"","styleClassName":"","styleClassTag":"","toolbarGroups":"","useStyleClass":"true","userText":"<div>Click to add description here.&nbsp;Lorem ipsum dolor sit amet, consectetur adipiscing elit. Cras ut erat vel velit dignissim laoreet et nec elit. Aliquam consequat fermentum tincidunt. Sed lobortis tortor a porta dignissim. Pellentesque consectetur ligula lectus, a pulvinar elit hendrerit non.</div>","visible":true,"width":400}},"e6268f39-5fe9-4275-a695-86ee1aa75203":{"type":"scs-button","id":"scs-button","data":{"actions":[],"alignment":"left","backgroundColor":"#DDDDDD","backgroundColorHover":"#EEEEEE","borderColor":"#808080","borderColorHover":"#2222DD","borderRadius":0,"borderStyle":"solid","borderWidth":1,"fontColor":"#000000","fontColorHover":"#2222DD","fontFamily":"'Helvetica Neue', Helvetica, Arial, sans-serif","fontSize":14,"height":0,"href":"[!--$SCS_PAGE--]69[/!--$SCS_PAGE--]","linkType":"scs-link-sitepage","marginBottom":30,"marginLeft":15,"marginRight":15,"marginTop":10,"styleClass":"","target":"_self","text":"Button","title":"","useStyleClass":"true","visible":true,"width":0}},"dad71b2f-87c3-489d-b46b-6fe8b7e772de":{"type":"scs-componentgroup","id":"Summary-Vertical_8","data":{"components":["938946d7-972b-4afb-b0c0-9fd7aed41495","27ac0d94-c9fa-4d65-9187-3700936c7cd0","0ac8d29d-869a-483e-9797-7102321aa886","e6268f39-5fe9-4275-a695-86ee1aa75203"],"grid":"<div class=\"scs-row\"><div class=\"scs-col\" style=\"width: 100%;\"><div id=\"938946d7-972b-4afb-b0c0-9fd7aed41495\"></div><div id=\"27ac0d94-c9fa-4d65-9187-3700936c7cd0\"></div><div id=\"0ac8d29d-869a-483e-9797-7102321aa886\"></div><div id=\"e6268f39-5fe9-4275-a695-86ee1aa75203\"></div></div></div>"}},"7e1af399-c370-4b2a-b547-6dbf00d8aabc":{"type":"scs-paragraph","id":"scs-paragraph","data":{"alignment":"fill","backgroundColor":"","borderColor":"#808080","borderRadius":0,"borderStyle":"none","borderWidth":1,"fontColor":"#333333","fontFamily":"'Helvetica Neue', Helvetica, Arial, sans-serif","fontSize":16,"innerHTML":"<div><!-- ko if: visible --><div class=\"scs-paragraph  scs-component scs-paragraph-default-style\" style=\"margin-top:0px;margin-right:15px;margin-bottom:15px;margin-left:15px;\"><div class=\"scs-component-content\" data-bind=\"scsCompSetupLightbox\" style=\"text-align:left;width:100%;\"><div class=\"scs-paragraph-text\" style=\"\"><div><div><span style=\"font-size:24px\"><a linktype=\"scs-link-webpage\" style=\"font-family: -apple-system, &quot;.SFNSText-Regular&quot;, &quot;San Francisco&quot;, Roboto, &quot;Segoe UI&quot;, &quot;Helvetica Neue&quot;, &quot;Lucida Grande&quot;, sans-serif; font-size: 25.884px; line-height: 31.0608px; text-align: center; background-color: rgb(255, 255, 255);\" href=\"tel:+1 (357) 123-5678\">+1 (357) 123 5678</a></span></div><div>&nbsp;</div><div><span style=\"font-size:24px\"></span></div><div><a linktype=\"scs-link-email\" href=\"mailto:info@&lt;name&gt;.com?Subject=Web Site Inquiry\"><span style=\"font-size:24px\"></span></a><a linktype=\"scs-link-email\" href=\"mailto:info@&lt;name&gt;.com?Subject=Web Site Inquiry\"><span style=\"font-size:24px\">info@&lt;name&gt;.com</span></a></div></div></div></div></div><!-- /ko --></div>","marginBottom":15,"marginLeft":15,"marginRight":15,"marginTop":0,"placeholderText":"","styleClass":"","styleClassName":"","styleClassTag":"","toolbarGroups":"","useStyleClass":"true","userText":"<div><div><span style=\"font-size:24px\"><a linktype=\"scs-link-webpage\" style=\"font-family: -apple-system, &quot;.SFNSText-Regular&quot;, &quot;San Francisco&quot;, Roboto, &quot;Segoe UI&quot;, &quot;Helvetica Neue&quot;, &quot;Lucida Grande&quot;, sans-serif; font-size: 25.884px; line-height: 31.0608px; text-align: center; background-color: rgb(255, 255, 255);\" href=\"tel:+1 (357) 123-5678\">+1 (357) 123 5678</a></span></div><div>&nbsp;</div><div><span style=\"font-size:24px\"></span></div><div><a linktype=\"scs-link-email\" href=\"mailto:info@&lt;name&gt;.com?Subject=Web Site Inquiry\"><span style=\"font-size:24px\"></span></a><a linktype=\"scs-link-email\" href=\"mailto:info@&lt;name&gt;.com?Subject=Web Site Inquiry\"><span style=\"font-size:24px\">info@&lt;name&gt;.com</span></a></div></div>","visible":true,"width":400}},"a8f778d6-596e-41bf-8788-1b03414f5905":{"type":"scs-component","id":"NavMenu_2","data":{"actions":"","alignment":"fill","assets":"","borderColor":"#808080","borderRadius":0,"borderStyle":"none","borderWidth":1,"componentId":"navMenu","componentName":"Navigation Menu Component","componentFactory":"","componentLayout":"default","contentId":"","contentLayoutCategory":"","contentPlaceholder":false,"contentTypes":[],"contentViewing":"","customSettingsData":{"externalSiteEnabled":false},"componentConfig":{"id":"NavMenu-component","settingsData":{"settingsWidth":350,"settingsRenderOption":"dialog","componentLayouts":[],"actions":[]},"initialData":{"componentId":"navMenu","componentName":"Navigation Menu Component","componentLayout":"default","marginBottom":0,"marginLeft":0,"marginRight":0,"marginTop":0,"customSettingsData":{"externalSiteEnabled":false},"nestedComponents":[]}},"description":"","detailPageId":"","height":"","initialized":true,"isCaaSLayout":false,"linkType":"scs-link-action","marginBottom":0,"marginLeft":0,"marginRight":0,"marginTop":0,"nestedComponents":[],"styleClass":"","styleClassName":"","seeded":false,"useStyleClass":"true","visible":true,"visibleNestedComponents":[],"width":0}},"ccb30ada-067b-4638-8d9a-7c7a271fd4b0":{"type":"scs-component","id":"CurrentUser_3","data":{"actions":"","alignment":"right","assets":"","borderColor":"#808080","borderRadius":0,"borderStyle":"none","borderWidth":1,"componentId":"currentUser","componentName":"Current User Component","componentFactory":"","componentLayout":"default","contentId":"","contentLayoutCategory":"","contentPlaceholder":false,"contentTypes":[],"contentViewing":"","customSettingsData":{"displayAvatar":"false","welcomeMessage":"Welcome "},"componentConfig":{"id":"CurrentUser","settingsData":{"settingsHeight":150,"settingsWidth":300,"settingsRenderOption":"dialog"},"initialData":{"componentId":"currentUser","componentName":"Current User Component","componentLayout":"default","customSettingsData":{},"nestedComponents":[]}},"description":"","detailPageId":"","height":"","initialized":true,"isCaaSLayout":false,"linkType":"scs-link-action","marginBottom":5,"marginLeft":5,"marginRight":5,"marginTop":5,"nestedComponents":[],"styleClass":"","styleClassName":"","seeded":false,"useStyleClass":"true","visible":true,"visibleNestedComponents":[],"width":0}}}}