{"properties":{"title":"","pageLayout":"services.html","pageDescription":"","keywords":"","hideFromSearchEngines":false,"header":"","footer":"","noIndex":true,"noFollow":true,"noArchive":true,"noSnippet":true,"isCobrowseEnabled":false},"slots":{"footer":{"components":["d3128741-c498-421a-8ce1-8c6ff51f2bb3"],"grid":"<div class=\"scs-row\"><div class=\"scs-col\" style=\"width: 100%;\"><div id=\"d3128741-c498-421a-8ce1-8c6ff51f2bb3\"></div></div></div>"},"content":{"components":["e66f0e1d-0c39-43c3-975f-b6631304945b"],"grid":"<div class=\"scs-row\"><div class=\"scs-col\" style=\"width: 100%;\"><div id=\"e66f0e1d-0c39-43c3-975f-b6631304945b\"></div></div></div>"},"logocontainer":{"components":["08faf281-2a61-4d60-923e-f514d0d3d307"],"grid":"<div class=\"scs-row\"><div class=\"scs-col\" style=\"width: 100%;\"><div id=\"08faf281-2a61-4d60-923e-f514d0d3d307\"></div></div></div>"},"header-banner":{"components":["b03d7851-f491-4be3-bf15-5379fc71882a"],"grid":"<div class=\"scs-row\"><div class=\"scs-col\" style=\"width: 100%;\"><div id=\"b03d7851-f491-4be3-bf15-5379fc71882a\"></div></div></div>"},"heading":{"components":[],"grid":""},"navMenu":{"components":["b193cc54-d481-4495-9659-c43d97e19af1"],"grid":"<div class=\"scs-row\"><div class=\"scs-col\" style=\"width: 100%;\"><div id=\"b193cc54-d481-4495-9659-c43d97e19af1\"></div></div></div>"}},"componentInstances":{"38876842-fd56-4011-94cc-87abfbf131a3":{"type":"scs-title","id":"scs-title","data":{"alignment":"fill","backgroundColor":"","borderColor":"#808080","borderRadius":0,"borderStyle":"none","borderWidth":1,"fontColor":"#333333","fontFamily":"'Helvetica Neue', Helvetica, Arial, sans-serif","fontSize":24,"innerHTML":"<div><!-- ko if: visible --><div class=\"scs-title  scs-component scs-title-default-style\" style=\"margin-top:5px;margin-right:5px;margin-bottom:5px;margin-left:5px;\"><div class=\"scs-component-content\" data-bind=\"scsCompSetupLightbox\" style=\"text-align:left;width:100%;\"><div class=\"scs-title-text\" style=\"\"><div>COPYRIGHT &copy; 2017 &lt;COMPANY NAME&gt;</div></div></div></div><!-- /ko --></div>","marginBottom":5,"marginLeft":5,"marginRight":5,"marginTop":5,"placeholderText":"","styleClass":"","styleClassName":"","styleClassTag":"","toolbarGroups":"","useStyleClass":"true","userText":"<div>COPYRIGHT &copy; 2017 &lt;COMPANY NAME&gt;</div>","visible":true,"width":400}},"08faf281-2a61-4d60-923e-f514d0d3d307":{"type":"scs-image","id":"scs-image","data":{"actions":"","alignment":"fill","altText":"","borderColor":"#808080","borderRadius":0,"borderStyle":"none","borderWidth":1,"caption":"","imageHref":"[!--$SCS_PAGE--]12[/!--$SCS_PAGE--]","imageName":"present_logo.png","imageTarget":"_self","imageUrl":"[!--$SCS_CONTENT_URL--]/present_logo-1235110000030314.png","linkType":"scs-link-sitepage","marginBottom":0,"marginLeft":0,"marginRight":0,"marginTop":0,"styleClass":"","title":"","useStyleClass":"true","visible":true,"width":300}},"b03d7851-f491-4be3-bf15-5379fc71882a":{"type":"scs-image","id":"scs-image","data":{"actions":"","alignment":"fill","altText":"","borderColor":"#808080","borderRadius":0,"borderStyle":"none","borderWidth":1,"caption":"","imageHref":"","imageName":"Small_Header_1_Services.jpg","imageTarget":"_self","imageUrl":"[!--$SCS_CONTENT_URL--]/Small_Header_1_Services-1235110000030315.jpg","linkType":"scs-link-no-link","marginBottom":0,"marginLeft":0,"marginRight":0,"marginTop":0,"styleClass":"","title":"","useStyleClass":"true","visible":true,"width":300}},"e66f0e1d-0c39-43c3-975f-b6631304945b":{"type":"scs-paragraph","id":"scs-paragraph","data":{"alignment":"fill","backgroundColor":"","borderColor":"#808080","borderRadius":0,"borderStyle":"none","borderWidth":1,"fontColor":"#333333","fontFamily":"'Helvetica Neue', Helvetica, Arial, sans-serif","fontSize":16,"innerHTML":"<div><!-- ko if: visible --><div class=\"scs-paragraph  scs-component scs-paragraph-default-style\" style=\"margin-top:5px;margin-right:5px;margin-bottom:5px;margin-left:5px;\"><div class=\"scs-component-content\" data-bind=\"scsCompSetupLightbox\" style=\"text-align:left;width:100%;\"><div class=\"scs-paragraph-text\" style=\"\"><div>This site uses cookies for identifying unique user visits, but not for tracking your personal information. By continuing to use our site you are accepting our use of cookies.</div></div></div></div><!-- /ko --></div>","marginBottom":5,"marginLeft":5,"marginRight":5,"marginTop":5,"placeholderText":"","styleClass":"","styleClassName":"","styleClassTag":"","toolbarGroups":"","useStyleClass":"true","userText":"<div>This site uses cookies for identifying unique user visits, but not for tracking your personal information. By continuing to use our site you are accepting our use of cookies.</div>","visible":true,"width":400}},"d3128741-c498-421a-8ce1-8c6ff51f2bb3":{"type":"scs-componentgroup","id":"FooterBar_12","data":{"className":"","components":["fe47fa00-252f-4295-90c9-d07523203abd","38876842-fd56-4011-94cc-87abfbf131a3"],"grid":"<div class=\"scs-row\"><div class=\"scs-col\" style=\"width: 50%;\"><div id=\"fe47fa00-252f-4295-90c9-d07523203abd\"></div></div><div class=\"scs-col\" style=\"width: 50%;\"><div id=\"38876842-fd56-4011-94cc-87abfbf131a3\"></div></div></div>"}},"fe47fa00-252f-4295-90c9-d07523203abd":{"type":"scs-socialbar","id":"scs-socialbar","data":{"alignment":"left","backgroundColor":"","borderColor":"#808080","borderRadius":0,"borderStyle":"none","borderWidth":1,"iconSize":28,"iconSpacing":10,"images":[{"source":"","name":"COMP_ICON_FACEBOOK","class":"scs-facebook-icon","title":"","altText":"","description":"","link":"http://www.facebook.com","target":["_blank"]},{"source":"","name":"COMP_ICON_LINKEDIN","class":"scs-linkedin-icon","title":"","altText":"","description":"","link":"http://www.linkedin.com","target":["_blank"]},{"source":"","name":"COMP_ICON_TWITTER","class":"scs-twitter-icon","title":"","altText":"","description":"","link":"http://www.twitter.com","target":["_blank"]},{"source":"","name":"COMP_ICON_GOOGLEPLUS","class":"scs-googleplus-icon","title":"","altText":"","description":"","link":"http://plus.google.com","target":["_blank"]},{"source":"","name":"COMP_ICON_YOUTUBE","class":"scs-youtube-icon","title":"","altText":"","description":"","link":"http://www.youtube.com","target":["_blank"]}],"layout":"horizontal","marginBottom":5,"marginLeft":5,"marginRight":5,"marginTop":5,"styleClass":"","useStyleClass":"true","visible":true}},"b193cc54-d481-4495-9659-c43d97e19af1":{"type":"scs-component","id":"NavMenu_2","data":{"actions":"","alignment":"fill","assets":"","borderColor":"#808080","borderRadius":0,"borderStyle":"none","borderWidth":1,"componentId":"navMenu","componentName":"Navigation Menu Component","componentFactory":"","componentLayout":"default","contentId":"","contentLayoutCategory":"","contentPlaceholder":false,"contentTypes":[],"contentViewing":"","customSettingsData":{"externalSiteEnabled":false},"componentConfig":{"id":"NavMenu-component","settingsData":{"settingsWidth":350,"settingsRenderOption":"dialog","componentLayouts":[],"actions":[]},"initialData":{"componentId":"navMenu","componentName":"Navigation Menu Component","componentLayout":"default","marginBottom":0,"marginLeft":0,"marginRight":0,"marginTop":0,"customSettingsData":{"externalSiteEnabled":false},"nestedComponents":[]}},"description":"","detailPageId":"","height":"","initialized":true,"isCaaSLayout":false,"linkType":"scs-link-action","marginBottom":0,"marginLeft":0,"marginRight":0,"marginTop":0,"nestedComponents":[],"styleClass":"","styleClassName":"","seeded":false,"useStyleClass":"true","visible":true,"visibleNestedComponents":[],"width":0}}}}